Event Name,Dorm,Event Location,Start Date and Time,End Date and Time,Event Description,Tags,Published,,,,,,,,,,,,,,,
EC Dorm Tour,East Campus,Talbot,8/27/2022 10:00,8/27/2022 12:00,"The real question is, what're THOSE? Find a friendly tourguide in the courtyard for an East Campus dorm tour! Leaves approximately every half hour.",tour,TRUE,,,,,,,,,,,,,,,
EC Dorm Tour,East Campus,Talbot,8/28/2022 10:00,8/28/2022 12:00,Do people live here? Find a friendly tourguide in the courtyard for an East Campus dorm tour! Leaves approximately every half hour,tour,TRUE,,,,,,,,,,,,,,,
EC Dorm Tour,East Campus,Talbot,8/29/2022 10:00,8/29/2022 12:00,Warning: Wild student-humans in their natural habitat - Do not feed! Find a friendly tourguide in the courtyard for an East Campus dorm tour! Leaves approximately every half hour.,tour,TRUE,,,,,,,,,,,,,,,
EC Dorm Tour,East Campus,Talbot,8/30/2022 10:00,8/30/2022 12:00,"""EAST THE DORM"" Find a friendly tourguide in the courtyard for an East Campus dorm tour! Leaves approximately every half hour.",tour,TRUE,,,,,,,,,,,,,,,
EC Dorm Tour,East Campus,Talbot,8/31/2022 10:00,8/31/2022 12:00,East Campus? I thought you said WEAST Campus! Find a friendly tourguide in the courtyard for an East Campus dorm tour! Leaves approximately every half hour.,tour,TRUE,,,,,,,,,,,,,,,
"Grill, Chill, and Build",East Campus,EC Courtyard,8/27/2022 12:00,8/27/2022 21:00,"Ahoy mateys! Come join us to sail the seven seas, here for a short time right at East Campus! Come enjoy a burger, some construction, and a nice chitchat.","social,food,build",TRUE,,,,,,,,,,,,,,,
"Grill, Chill, and Build",East Campus,EC Courtyard,8/28/2022 12:00,8/28/2022 18:00,"Power tools! Ladders! Safety! No experience required, burgers provided","social,food,build",TRUE,,,,,,,,,,,,,,,
Grill and Chill,East Campus,EC Courtyard,8/29/2022 12:00,8/29/2022 21:00,Burgers and friends ALL DAY,"social,food",TRUE,,,,,,,,,,,,,,,
Grill and Chill,East Campus,EC Courtyard,8/30/2022 12:00,8/30/2022 21:00,Burgers and friends ALL DAY,"social,food",TRUE,,,,,,,,,,,,,,,
Grill and Chill,East Campus,EC Courtyard,8/31/2022 12:00,8/31/2022 16:00,Burgers and friends ALL DAY,"social,food",TRUE,,,,,,,,,,,,,,,
Hair Dying,East Campus,EC Courtyard,8/27/2022 12:00,8/27/2022 13:00,Exercise your freedom of expression by dying your hair ALL OF THE COLORS.,social,TRUE,,,,,,,,,,,,,,,
Hair Dying,East Campus,EC Courtyard,8/28/2022 12:00,8/28/2022 13:00,"Hair is temporary, bleach is permanent, instagam likes are forever.",social,TRUE,,,,,,,,,,,,,,,
Hair Dying,East Campus,EC Courtyard,8/29/2022 12:00,8/30/2022 13:00,What better way to appreciate the spirit of individualism and self-reliance than to get your hair dyed in ALL OF THE COLORS because you can and why not.,social,TRUE,,,,,,,,,,,,,,,
Hair Dying,East Campus,EC Courtyard,8/30/2022 12:00,8/30/2022 13:00,"If you're worried about what your parents will think, natural colors such as leaf green, sky blue, and grape purple also available.",social,TRUE,,,,,,,,,,,,,,,
Hair Dying,East Campus,EC Courtyard,8/31/2022 12:00,8/31/2022 13:00,We've been coloring hair so long that our hands have literally turned into rainbows. Please advise.,social,TRUE,,,,,,,,,,,,,,,
Trader Jack's,East Campus,EC Courtyard,8/28/2022 12:00,8/28/2022 13:00,Asking questions in exchange for some sweet treats from Trader Joes!,"social,food",TRUE,,,,,,,,,,,,,,,
We're Not Here,East Campus,EC Courtyard,8/27/2022 22:00,8/27/2022 22:22,Where‚Äôs ‚Äúhere‚Äù <thinking emoji>?,,TRUE,,,,,,,,,,,,,,,
Where Did We Go?,East Campus,EC Courtyard,8/29/2022 22:00,8/29/2022 22:22,Come join us in not-being-here.,,TRUE,,,,,,,,,,,,,,,
Disappearance Act,East Campus,EC Courtyard,8/30/2022 22:00,8/30/2022 22:22,"Time, much like our existence during this block of time, is but an illusion",,TRUE,,,,,,,,,,,,,,,
East Side Party,East Campus,EC Courtyard,8/28/2022 20:00,8/29/2022 1:00,"Ahoy mateys! East Side Party, where the songs don't stop coming. Ride our student-made attractions, get space trained, and wrestle in substances never before wrestled in. And as you dance and get to experience our pirate den, you too will taste the sweet nectar of freedom. Shiver me timbers!","social,music",TRUE,,,,,,,,,,,,,,,
Water Wars,East Campus,EC Courtyard,8/30/2022 18:30,8/30/2022 19:30,We shall fight to the death and WIN!!!!! (and by death I mean we shall soak them completely),"social,competition",TRUE,,,,,,,,,,,,,,,
Blackout Poetry and Fruit,East Campus,EC Courtyard,8/29/2022 15:00,8/29/2022 16:00,"Come hang out and make some blackout poetry! We'll take some sharpies 
and redact random book pages until poetry emerges. Fruits provided, for 
some much-needed REX-time vitamin C! Fruity poetry welcomed.","food,art",TRUE,,,,,,,,,,,,,,,
Queer Panel,East Campus,Talbot,8/29/2022 14:00,8/29/2022 15:00,"An informative panel about what it's like to be queer at MIT, including resources and firsthand accounts from queer studets in East Campus (this event not open to parents)","info,queer",TRUE,,,,,,,,,,,,,,,
Rad Tats,East Campus,EC Courtyard,8/28/2022 16:00,8/28/2022 17:00,"Come tattoo yourself or get tattooed with inkbox or henna! Such ink is temporary, but the rad is 5ever.","social,art",TRUE,,,,,,,,,,,,,,,
Anti-scurvy drive thru,East Campus,Stickman (1W) window,8/31/2022 16:30,8/31/2022 17:30,"Ahoy mateys! Got scurvy? Looking for some nice cold drink after your hard work building for rush? Well we've got you! Drive? Bike? Walk? Skate? Sail? or come up with some other clever way of navigating yourself to the outside window of the 1st west parallel where we will be serving smoothies, orange juice and fruit! Come to the kitchen to help out or enjoy the vibes and the views of the rush coaster outside :)",food,TRUE,,,,,,,,,,,,,,,
Waffle Night,East Campus,Beast (2E) lounge,8/29/2022 19:30,8/29/2022 21:30,"Come for: sugar, carbs, friendship, enough food to induce a coma, and napping locations if need be <3

Do not come for: waffles, vegetables, dignity in what you put in your body (unless that means CRUELTY-FREE, BABY!), or kite-flying ","social,food",TRUE,,,,,,,,,,,,,,,
Queer Poetry and Snacks,East Campus,EC Courtyard,8/28/2022 13:00,8/28/2022 14:00,Join us on the East Campus courtyard for an evening of poetry and a safe space for queer expression. Bring your favorite poems or just come along to listen. Snacks will be provided!,"social,art,food",TRUE,,,,,,,,,,,,,,,
Flaming Fruit,East Campus,EC Courtyard,8/28/2022 15:00,8/28/2022 16:00,"Grill various fruit, I don't care if it makes sense, if it's a fruit, it's gonna be aflame eg: pineapple, peaches, tomato (genuinely good), bananas (weirdly good), oranges (genuinely bad), grapes, lychee, apples, berries, mango, basically anything I can get my hands on.",food,TRUE,,,,,,,,,,,,,,,
Indoor breakfast,East Campus,5E kitchen,8/29/2022 9:00,8/29/2022 10:00,Cook and/or eat breakfast in a kitchen and hang out with residents.,"food,breakfast",TRUE,,,,,,,,,,,,,,,
Indoor breakfast,East Campus,5E kitchen,8/30/2022 9:00,8/30/2022 10:00,Cook and/or eat breakfast in a kitchen and hang out with residents.,"food,breakfast",TRUE,,,,,,,,,,,,,,,
Fluffy Town,East Campus,Tetazoo (3E) Lounge,8/30/2022 19:30,8/30/2022 20:30,Come build & hang out in a fun blanket fort on EC 3rd East (Tetazoo)! Will start right after folks come home from the water war,social,TRUE,,,,,,,,,,,,,,,
Body Painting,East Campus,EC Courtyard,8/31/2022 14:30,8/31/2022 16:00,"Paint on yourself or an EC resident, because painting on your skin doesn't just have to be on your face!","social,art",TRUE,,,,,,,,,,,,,,,
Painting Fridges,East Campus,4E Kitchen,8/29/2022 16:00,8/29/2022 17:00,"Paint the 4E fridges blue! Come help paint the fridges for a beautiful kitchen for EC's last year before renovations! Fun designs or just solid, we are painting them blue","social,art",TRUE,,,,,,,,,,,,,,,
Tumblr Support Group,East Campus,4E Lounge,8/29/2022 19:30,8/29/2022 21:30,"if you were on tumblr in middle school, you may be entitled to financial compensation. you're probably not going to get it though so come watch good omens and our flag means death instead. Comes with snacks!","social,food",TRUE,,,,,,,,,,,,,,,
Gaysian Tea Party,East Campus,Beast (2E) lounge,8/28/2022 17:00,8/28/2022 18:00,"Queer? Asian? Both? Neither? Whatever, come have some bubble tea (with RAINBOW TAPIOCA! oooh, ahhh) and chat with us :))","social,food,queer",TRUE,,,,,,,,,,,,,,,
Project or Craft circle,East Campus,4E Lounge,8/28/2022 17:00,8/28/2022 18:00,"Come sit around and work on various crafts/projects with EC residents, types of projects/crafts can include, but are not limited to: clothes alteration, painting, crocheting/knitting, clay creations, origami, construction paper & felt work, and more!!","social,art",TRUE,,,,,,,,,,,,,,,
MacG Entry Panel Event,MacGregor,MacGregor A Entry Lounge,8/28/2022 11:00,8/28/2022 13:00,Cookies and a Look Into MacG's Entry System,"food,info",TRUE,,,,,,,,,,,,,,,
Velociraptor Pool Party,MacGregor,MacGregor Courtyard,8/28/2022 20:00,8/28/2022 23:00,"A Showing of The VelociPastor, Pool Volleyball, and Dinosaur Chicken Nuggets","food,movie,water,games,show",TRUE,,,,,,,,,,,,,,,
MacGregor Could Use A Little Color,MacGregor,MacGregor Courtyard,8/30/2022 19:00,8/30/2022 21:30,"Color the sidewalks of MacG with chalk, then stick around for trivia and karaoke!","art,games,karaoke,trivia",TRUE,,,,,,,,,,,,,,,
Overcooked! to panenes,MacGregor,E Entry Lounge,8/29/2022 15:30,8/29/2022 17:30,"We will press your very own custom artisanal panEnE! As you eat, join us playing on the Switch or help decorate our lounge.","food, social, games",TRUE,,,,,,,,,,,,,,,
"Coffee, Brownees, and Board Gamees!",MacGregor,E Entry Lounge,8/30/2022 13:00,8/30/2022 15:00,"Come play board games with E entry, while enjoying brownees and freshly hand-made coffee! (or tea, or hot chocolate)","games, food, chill",TRUE,,,,,,,,,,,,,,,
We Ball(oon),MacGregor,G Entry Lounge,8/29/2022 14:00,8/29/2022 15:00,Come grab a balloon animal or a balloon sword and eat popcorn with Gentry residents!,"food, chill",TRUE,,,,,,,,,,,,,,,
Ramen And Karaoke,MacGregor,G Entry Lounge,8/30/2022 18:30,8/30/2022 21:30,"Come sing tunes and eat some delicious ramen with H and G entry, also known as HEX!","food, karaoke, chill",TRUE,,,,,,,,,,,,,,,
Centry Cookie-ng and Chill,MacGregor,C Entry Kitchen/ Lounge,8/28/2022 19:30,8/28/2022 21:30,"Show up to bake some yummy yummy cookies, and enjoy them while playing games in the lounge!","cooking, food, games, chill",TRUE,,,,,,,,,,,,,,,
Smash and Pass,MacGregor,A Entry Lounge,8/28/2022 20:00,8/28/2022 21:00,Play some smash then pass it off while you meet the members of A entry,"food, games, social",TRUE,,,,,,,,,,,,,,,
Chipotle and Chill,MacGregor,A Entry Lounge,8/29/2022 14:00,8/29/2022 15:00,Chill at the top of the high rise with a entry and get to know our entry and residents. Did we mention there‚Äôs chipotle?,"food, chill, social",TRUE,,,,,,,,,,,,,,,
Bricks on Wheels,MacGregor,MacGregor Courtyard,8/29/2022 14:00,8/29/2022 17:30,"RC CAR COMPETITION! 
HOMEMADE RACETRACK!","games,food",TRUE,,,,,,,,,,,,,,,
PowerPoint Karaoke and Kookies,MacGregor,F Entry Lounge (Up the stone staircase in the courtyard),8/30/2022 20:00,8/30/2022 22:00,"Come compete in our festival of improv goodness, or come simply to enjoy the spectacle of your friends presenting nonsensical powepoints prepared by Fentry. No previous experience needed, showing up for food and entertainment also encouraged.","party,food,games,improv",TRUE,,,,,,,,,,,,,,,
Fentry Feast,MacGregor,F Entry Lounge (Up the stone staircase in the courtyard),8/28/2022 16:00,8/28/2022 18:00,A variety of homecooked food made by the residents of F Entry.,"food,cooking",TRUE,,,,,,,,,,,,,,,
Bentry Beach Bash,MacGregor,B Entry Lounge,8/28/2022 15:00,8/28/2022 17:00,Escape the heat and cool off with ice pops and mocktails while enjoying the B entry view,"food,chill",TRUE,,,,,,,,,,,,,,,
Breakfast with Bentry,MacGregor,B Entry Lounge,8/29/2022 9:00,8/29/2022 11:00,"Get ready for the day with a pancake and waffle bar, including bacon and OJ","food,breakfast",TRUE,,,,,,,,,,,,,,,
Board Games with Bentry,MacGregor,B Entry Lounge,8/30/2022 21:00,8/30/2022 23:00,Enjoy snacks while playing board games and meeting some B entry residents,"food,games",TRUE,,,,,,,,,,,,,,,
Murder Mystery Dinner,MacGregor,MacGregor Dining Room,8/29/2022 20:00,8/29/2022 23:00,Enjoy dinner and a show with J entry as you work together to solve a murder mystery,"food,puzzles,improv,show",TRUE,,,,,,,,,,,,,,,
Memes and Cereal,MacGregor,J Entry Lounge,8/28/2022 13:00,8/28/2022 15:00,"Watch memes, eat cereal, and hang out with the residents of J entry","food,chill",TRUE,,,,,,,,,,,,,,,
Penthouse Party,McCormick,East Penthouse,8/30/2022 20:00,8/30/2022 23:59,"Come enjoy our party on McCormick's East Penthouse ! Bring a date! or 2, or 3! (no but like please come, we've spent insane amounts of money on this )","party,food,fun",TRUE,,,,,,,,,,,,,,,
Casino Night,McCormick,Brown Living Room,9/2/2022 20:00,9/2/2022 23:00,"Channel your inner POKER savant and join McCormick for a night filled with gambling and mocktails (we only gamble with Lady Luck here, no money)!!! Bring your friends and dominate them in blackjack, mahjong, and MOREEE","food,fun,games",TRUE,,,,,,,,,,,,,,,
Night Carnival,McCormick,Front Lawn,8/31/2022 20:00,8/31/2022 23:59,"Bounce house obstacle course! Cotton candy, popcorn, snow cones!  Games and PRIZES GALORE! We're having a giant carnival bash, and we're giving away SO MUCH FOOD AND PRIZES! All genders invited, and bring your friends!","food,fun,games",TRUE,,,,,,,,,,,,,,,
Taste of Cambridge,McCormick,Front Lawn,9/1/2022 12:30,9/1/2022 14:30,"FOOD!FREE FOOD! All hungry pre-frosh welcome, first come first serve!",food,TRUE,,,,,,,,,,,,,,,
Tosci's and Tea,McCormick,Front Lawn,8/31/2022 16:30,8/31/2022 18:00,"Have THE ICONIC TOSCANINI's ICE CREAM on McCormick's front lawn! Why settle for regular ice cream when you can have BOSTON'S BEST? For multiple years, Tosci's has been voted by Bostonians to be the BEST and come see why! Also just chill and spill tea with us;)",food,TRUE,,,,,,,,,,,,,,,
McCormick Breakfast House,McCormick,Green Living Room,8/30/2022 8:00,8/30/2022 10:00,Have a chill breakfast before rushing off to REX events!,food,TRUE,,,,,,,,,,,,,,,
Paint the Skyline,McCormick,East Penthouse,8/29/2022 9:00,8/29/2022 11:00,"What's better than free art supplies? Painting the best view in MIT with those supplies, of course! Paint the Boston skyline from the penthouse, and make a personalized door sign as a bonus! Art supplies and snacks provided :)","food,craft",TRUE,,,,,,,,,,,,,,,
Who's smarter than an MIT professor?,McCormick,Front Lawn,9/1/2022 16:00,9/1/2022 18:00,"Y'all got into MIT, so clearly there's something going on in your brains. But are you smarter than the folks who ADMITTED YOU?  Or feeling super gutsy? Step into the ring with a professor!","food,games",TRUE,,,,,,,,,,,,,,,
The Great McCormick Bakeoff,McCormick,Front Lawn,8/29/2022 14:00,8/29/2022 16:00,Craving the sweet tase of victory? Face off against teams and come help us demolish decorate and eat some cakes and cupcakes! ,food,TRUE,,,,,,,,,,,,,,,
Speedfriending in BLR,McCormick,Brown Living Room,8/28/2022 15:00,8/28/2022 17:00,Ready to make some friends to spend a fun REX week with? We are here to help!,"food,fun,games",TRUE,,,,,,,,,,,,,,,
Spa Night,McCormick,Green Living Room,9/4/2022 19:00,9/4/2022 22:00,"Chill, relax, put on a face mask! Enjoy a spa night with us before heading off to your first week of classes!","food,fun",TRUE,,,,,,,,,,,,,,,
Game night,McCormick,Game Room,9/3/2022 20:00,9/3/2022 22:00,"GAMES you say? WASTE THE NIGHT AWAY WITH US IN McCormick's Game room :) Any game you could ask for (INCLUDING MARIO, SMASH, PING PONG, POOL, AND MORE! )","party,food,games",TRUE,,,,,,,,,,,,,,,
McCormick Tours,McCormick,Front Lobby,8/29/2022 14:00,8/29/2022 17:00,"New tour every hour, on the hour! Get an insider tour of McCormick, including the Penthouse, Dance Studio, Craft Room, Country Kitchen, Gym, and more!",tour,TRUE,,,,,,,,,,,,,,,
McCormick Tours,McCormick,Front Lobby,8/30/2022 18:30,8/30/2022 21:00,"New tour every hour, on the hour! Get an insider tour of McCormick, including the Penthouse, Dance Studio, Craft Room, Country Kitchen, Gym, and more!",tour,TRUE,,,,,,,,,,,,,,,
Jewelry Making,Juniper,Juniper Lounge,8/28/2022 20:00,8/28/2022 23:00,Need new accessories for the start of the school year? Come learn how to make jewelry with the members of Juniper!,,TRUE,,,,,,,,,,,,,,,
Waffle Wednesday,Juniper,Juniper Lounge,8/31/2022 16:30,8/31/2022 19:00,"Welcome the new Juniper house with chicken, waffles, and Beyonc√©'s Homecoming","food,black,social",TRUE,,,,,,,,,,,,,,,
Album Listening Party,CC,CC Lounge,8/30/2022 19:00,8/30/2022 21:00,"Come through and listen to some classics in RnB, Hip Hop, Rap, Soul, and much more!","music,black,food,social",TRUE,,,,,,,,,,,,,,,
Board Games for Bored Gamers,Desmond (House 5),Desmond Lounge (W70 1181),8/29/2022 15:05,8/29/2022 16:35,"Whether you want to come face off against our assortment of King K. Rool mains in Smash Ultimate, question literally everything and everyone while playing Secret Hitler and Codenames, or take part in a team challenge in Hanabi or The Mind, Desmond's got the game for you.  Come for snacks freshly delivered from H-Mart and good vibes guaranteed. ","social,indoors,food,games,video games",TRUE,,,,,,,,,,,,,,,
The Great Baking Bonanza,Desmond (House 5),Desmond Lounge (W70 1181),8/30/2022 18:35,8/30/2022 20:05,"Cloud Bread? Cheesecake Cookie Bars? Chocolate Chip Banana Bread? We've got you covered. Armed with our arsenal of bowls, flour, and whisks, you'll be able to work with a team of friends or Desmondites to make all of your confectionary dreams come true! In the end, we'll all have one big feast and share our creations‚Äîboth the instagram-worthy and the inevitable monstrosities ;)","social,indoors,food",TRUE,,,,,,,,,,,,,,,
Canes and Karaoke,Desmond (House 5),Desmond Lounge (W70 1181),8/29/2022 20:05,8/29/2022 23:05,"Are you America's next superstar waiting to be discovered? Or perhaps you just like belting classics like Country Roads in the car? You've seen it at CPW, but get ready for Season 2 of Desmond's Got Talent! We invite you to take on the stage (or rather, the lounge karaoke machine) once again at our Late Night Karaoke session! Come cavort, caper, and consume Canes' crispy fried chicken while you sing!","social,indoors,food,music,karaoke",TRUE,,,,,,,,,,,,,,,
Waffel Nacht,German House,German House Lounge,8/28/2022 22:55,8/29/2022 1:00,"It's midnight(ish), we got waffles, we got loads of whipped cream and other toppings. What more is there to say?",food,TRUE,,,,,,,,,,,,,,,
Videospiele Nacht,German House,German House Lounge,8/29/2022 20:00,8/29/2022 22:05,"Bored? Come play BOARD games with German House! We have snacks galore, and German Housers who will crush you in Mario Kart.","video games,snack",TRUE,,,,,,,,,,,,,,,
DH Pretzel Bonanza,German House,German House Lounge,8/30/2022 20:00,8/30/2022 22:05,Is REX getting to be too much and you'd rather KNOT for a while?  Come chill for a bit while we bake pretzels and watch game shows!,"food,tv",TRUE,,,,,,,,,,,,,,,
Come Touch Grass,German House,Tang Field (West of Next House),8/31/2022 17:30,8/31/2022 19:35,"Spent too much time coding? You're an Olympiad kid? Come play games outside! We'll be playing volleyball and other sports, and eating plenty of post-game snacks.","favorite,outdoors,volleyball,snack",TRUE,,,,,,,,,,,,,,,
Kitchen Karaoke,House 4,House 4 Kitchen,8/29/2022 21:30,8/29/2022 23:30,A karaoke event like you've never experienced before. Join House 4's favorite weeknight tradition of singing and dancing your heart out in the kitchen!,"indoors,activity",TRUE,,,,,,,,,,,,,,,
CHILL N GRILL,House 4,New House Courtyard Grills,8/29/2022 19:30,8/29/2022 21:00,"Groovy music, juicy burgers, and a sunset by the river. Come hang out with House 4 for a chill vibe-y time :-)","food,outdoors,social,activity",TRUE,,,,,,,,,,,,,,,
Astrology Sweets,House 4,House 4 Kitchen,8/30/2022 18:30,8/30/2022 20:00,"Curious about your past, present, or future self? Or just want to chill and eat levain cookies? Come get your (tarot) cards or (astrology) chart read by your resident house 4 astrologers!","food,indoors",TRUE,,,,,,,,,,,,,,,
LET'S GLOW CR4ZY,House 4,House 4 Kitchen,8/30/2022 21:00,8/31/2022 1:00,"U read that right, you're invited to GLOW ALL OUT AT HOUSE 4!! We're talking glow sticks, LED lights, and music that won't disappoint. get ready to dance and party all night long!","favorite,social,indoors,food",TRUE,,,,,,,,,,,,,,,
Hotpot,iHouse,iHouse Kitchen (next to New House front desk),8/30/2022 19:00,8/30/2022 21:00,Come check out the iHouse kitchen and lounge with some hotpot! We'll have meat and vegetarian broths,"food,indoors,social",TRUE,,,,,,,,,,,,,,,
Movie Night,iHouse,iHouse Kitchen (next to New House front desk),8/29/2022 20:00,8/29/2022 22:00,"Too much exploration in these residences? Come to the iHouse kitchen, where there's an equal chance our TV will play the 5hr iCarly analysis, anime, or a documentary at any point in the day! Dining on our donuts while watching docus is (almost) a must!","food,indoors,social,movie",TRUE,,,,,,,,,,,,,,,
Carne Asada,La Casa,New House Courtyard,8/29/2022 15:00,8/29/2022 17:00,Come meet La Casa and enjoy our bi-annual Carne Asada,"food,favorite",TRUE,,,,,,,,,,,,,,,
Games and Tacos,La Casa,La Casa Kitchen (New House 4th floor),8/30/2022 19:00,8/30/2022 20:30,"Join La Casa for a night of board games and tacos. Secret Hitler, Exploding Kittens, and more! (No actual kittens were or will be harmed)","food,games",TRUE,,,,,,,,,,,,,,,
Just Dance Tournament,La Casa,Latino Cultural Center (Student Center Basement),8/31/2022 17:00,8/31/2022 19:00,Ready to dance? Come bust some moves for a chance to win a TV!,"games,prizes",TRUE,,,,,,,,,,,,,,,
Doorstop painting,LMF,LMF kitchen (W70 4111),8/30/2022 19:00,8/30/2022 21:00,"Don't lock yourself out of your room, in style","social,indoors,craft,art",TRUE,,,,,,,,,,,,,,,
Celebrity with LMF,LMF,LMF kitchen (W70 4111),8/29/2022 14:30,8/29/2022 16:00,Feeling like you want to make some friends and enemies in a competitive environment? Come play celebrity/fishbowl/salad toss!,,TRUE,,,,,,,,,,,,,,,
Banana Bread and Broadway,LMF,LMF kitchen (W70 4111),8/29/2022 19:30,8/29/2022 21:30,Choose your own adventure banana bread baking - the only requirements are bananas and broadway tunes!,,TRUE,,,,,,,,,,,,,,,
Crepes,LMF,LMF kitchen (W70 4111),8/31/2022 8:30,8/31/2022 10:00,Exhausted from REX? Enjoy a sweet crepes and hot chocolate breakfast to energize you for the day!,,TRUE,,,,,,,,,,,,,,,
Whine and Cheese,LMF,LMF kitchen (W70 4111),8/28/2022 20:00,8/28/2022 21:00,Join French House in sampling cheeses and teas as we spill the proverbial tea on life at MIT!,,TRUE,,,,,,,,,,,,,,,
DormCon Meet and Greet,DormCon,W20-401,8/31/2022 15:00,8/31/2022 16:00,"Come meet DormCon, the group organizing all of REX! We can chat about how the week has been for you guys, shitpost about student government, and share some Trader Joes snacks :D","food,snack,favorite,indoors,social,chill",TRUE,,,,,,,,,,,,,,,
Next House Tour,Next,Next House Lobby,8/28/2022 10:30,8/28/2022 11:00,"Tour around Next House, led by a current Next House resident. Learn more about Next House culture. Open to parents.",tour,TRUE,,,,,,,,,,,,,,,
Next Hour Tour,Next,Next House Lobby,8/28/2022 15:30,8/28/2022 16:00,"Tour around Next House, led by a current Next House resident. Learn more about Next House culture. Open to parents.",tour,TRUE,,,,,,,,,,,,,,,
Fire & Ice II,Next,Next House TFL ,8/28/2022 16:00,8/28/2022 18:00,Come by if you would like to consume some Spicy Noodles! (Bringing your own container and utensils are Highly Encouraged!),food,TRUE,,,,,,,,,,,,,,,
Strawberry Shortcake's Berry MITty Adventures,Next,Next House Country Kitchen,8/28/2022 20:00,8/28/2022 22:00,"We're going to make something short, sweet, and berry delicious (STRAWBERRY SHORTCAKE). Don't be fooled by our childlike theme, this is serious business‚Äîat least, our baking is! Try your hand at this delicate dessert and whip up some cake and cream with Next Bake. We (just might) be watching Strawberry Shortcakes Berry Bitty Adventures in the background (no copyright infringement, and also 23% chance we do this), so there won't be a dull moment!",food,TRUE,,,,,,,,,,,,,,,
Next House Housing Lottery Info Session,Next ,"Next House TFL, TV Area",8/28/2022 20:00,8/28/2022 21:00,living in next? unsure of how our housing process works? come talk to our housing chair and get any questions you may have answered.,,TRUE,,,,,,,,,,,,,,,
Next House Hot Ones,Next,Next House TFL ,8/28/2022 21:00,8/28/2022 22:00,A panel of Next House students. Spicy questions. Spicy food.,,TRUE,,,,,,,,,,,,,,,
rejected REX ideas,Next,Next House 4W Main Lounge,8/28/2022 16:00,8/28/2022 18:00,"We run all our rejected REX ideas at the same time in the same place. Some events include: - cornhole with actual corn: ""the description is self explanatory"" - saturday morning cursed cartoons: ""not your typical saturday morning"" - ? drawing competition: ""not a drawing competition of an unknown subject, but a drawing competition of ?s"" - 1000 piece custom puzzle: ""Jeffery (adj.): having the quality of a Jeffer"" (who's Jeffery? come and find out!) snaccs will be provided",games,TRUE,,,,,,,,,,,,,,,
Corny Movie Night,Next,"Next House TFL, TV Area",8/28/2022 23:00,8/29/2022 2:00,"Popcorn. Other types of corn. Mixins. Corny movie. (Options may include Never Have I Ever, Alex Strangelove, Princess Diaries, Mean Girls, The Half of It.)","romcom,movie",TRUE,,,,,,,,,,,,,,,
Gourds and Music and Pringles,Next ,Next House 2E Main Lounge,8/28/2022 23:00,8/29/2022 1:00,Come vibe with 2e. Listen to music mashups. Debate the best Pringles flavor. Ask us about King Gourd.,"food,weird",TRUE,,,,,,,,,,,,,,,
Celebrate All Holidays Of The Year At The Same Time,Next ,Next House 3E Main Lounge,8/29/2022 22:30,8/29/2022 23:30,merry christmas happy thanksgiving,weird,TRUE,,,,,,,,,,,,,,,
Lying Down on a  Carpet I,Next,"Next House TFL, TV Area",8/29/2022 10:00,8/29/2022 3:00,Pillows. A carpet. Hot chocolate. Maybe chill music. No brain just vibes.,chill,TRUE,,,,,,,,,,,,,,,
Cookie Night,Next ,Next House Country Kitchen,8/29/2022 1:00,8/29/2022 3:00,"Various amounts of cookies. Cookie variants may include: dough made that day; dough made the night before and chilled overnight, vegan/gluten/nut-free, chocolate chip.",chill,TRUE,,,,,,,,,,,,,,,
Crafty Tea Party,Next,Next House TFL ,8/29/2022 8:30,8/29/2022 11:00,"Drink tea, do crafts, wear your favorite crazy (or not-so-crazy) hat, and discuss life, the universe, and everything with a bunch of friendly Nexties! If you don't have any hats, come use our miscellaneous art/craft supplies to make one! If you have too many hats... wear all of them?","craft,tea,art",TRUE,,,,,,,,,,,,,,,
Next House Tour,Next,Next House Lobby,8/29/2022 10:30,8/29/2022 11:00,"Tour around Next House, led by a current Next House resident. Learn more about Next House culture. Open to parents.",tour,TRUE,,,,,,,,,,,,,,,
exotic waters,Next,Next House 3E Main Lounge,8/29/2022 14:30,8/29/2022 17:00,calling all water connoisseurs  ,"weird,food",TRUE,,,,,,,,,,,,,,,
Fire & Ice I,Next,Next House Courtyard,8/29/2022 14:30,8/29/2022 17:00,Come eat some delicious liquid nitrogen ice cream! ,food,TRUE,,,,,,,,,,,,,,,
Next House Tour,Next,Next House Lobby,8/29/2022 15:30,8/29/2022 16:00,"Tour around Next House, led by a current Next House resident. Learn more about Next House culture. Open to parents.",tour,TRUE,,,,,,,,,,,,,,,
Morzak's Institute of Thaumaturgy,Next,Next House TFL ,8/29/2022 20:00,8/29/2022 23:00,"Welcome to MIT. One challenge remains before you can truly lay claim to your place here at the school: find and bring back one of three tokens before time runs out. You and your group will pass or fail as one. Join Next Quest for our first one-off event of the year! No prior experience with D&D 5e, other editions, or other TTRPG systems required.",dnd,TRUE,,,,,,,,,,,,,,,
Next House Housing Lottery Info Session,Next ,"Next House TFL, TV Area",8/29/2022 20:00,8/29/2022 21:00,living in next? unsure of how our housing process works? come talk to our housing chair and get any questions you may have answered.,,TRUE,,,,,,,,,,,,,,,
5E: ic5crEam + kAraoke Singing + mochi donuT baking party,Next,Next House Country Kitchen,8/29/2022 20:30,8/29/2022 23:00,Party with Next House's Five East (EA5T) as we chaotically eat prebought ice cream and make mochi donuts while we sing along to party throwback hits!,"food,party",TRUE,,,,,,,,,,,,,,,
mamma mia watch party,Next ,Next House 4W Main Lounge,8/29/2022 21:00,8/29/2022 23:00,"Come watch and sing along to the absolutely fantastic 2008 movie musical, Mamma Mia! There will be snacks!","romcom,movie",TRUE,,,,,,,,,,,,,,,
Poker Chips & Chips,Next,Next House Dining Hall,8/29/2022 22:00,8/30/2022 1:00,"Craving a late-night snack? Want to learn how to play poker in a casual, low-stakes setting? Both? Come feast on chips with Next House's poker enthusiasts! (just don't snack on the poker chips)",food,TRUE,,,,,,,,,,,,,,,
The Museum of Frightening Adventures,Next ,Next House Private Dining Room (PDR),8/29/2022 23:00,8/30/2022 1:00,"""Ah, hello, and welcome to my Frightful museum! Come, enter and see my personal CollEction of Puzzles. but beware: only the brAvest of you will be able to escape the room of... the museum of frIghteNing advenTures! come alone or with friends, early or late - i look forward to meeting you. you may turn into a Zombie in these halls"" - The Curator Come to the back of the Next House dining hall for a frightening time",puzzles,TRUE,,,,,,,,,,,,,,,
Lying Down on a  Carpet II,Next,"Next House TFL, TV Area",8/29/2022 23:00,8/30/2022 1:00,Pillows. A carpet. Hot chocolate. Maybe chill music. No brain just vibes.,chill,TRUE,,,,,,,,,,,,,,,
Happy ü•≥ (lassi) Hour ‚è±with 2W 2Ô∏è‚É£‚¨ÖÔ∏è,Next,Next House Country Kitchen,8/29/2022 23:00,8/30/2022 1:00,"Come one, come all to 2W‚Äôs Lassi* ü•õ Bar üç´! Enjoy a carefully curated collection of concoctions** üç∂(say that four times fast), from the delicious üòãüòç (mango ü•≠! rose üåπ! strawberry üçì!) to the dubious üßêü§î to the downright ‚¨áÔ∏è‚û°Ô∏èdastardly üòàüò±‚Äì try to guess our mystery ü§´ flavor üëÄüëÄ. Try lassis blended at our bar üçæ or whip up your own üë©üèΩ‚Äçüç≥! We‚Äôll have funny fruits üçÖü•ëüçåüçà and fishy üêüüê†üê°flavorings ‚Äì and the best vibes in Next House üíôüß°üíôüß°. *Flavored yogurt drink **Lactose-free options available",food,TRUE,,,,,,,,,,,,,,,
Fruit Anarchy,Next,Next House Courtyard,8/30/2022 19:00,8/30/2022 20:30,"One of the only times that you'll be encouraged to play with your food! We have lots of fruit, come do whatever you want with it (within legal/safety boundaries) >:-) Examples include speed-peeling citrus fruits, snapping apples and bananas with your hands, or enjoying smoothies if that's more your thing.","food,weird",TRUE,,,,,,,,,,,,,,,
2W 2WLympics - REX Edition,Next,Next House 2W Main Lounge,8/30/2022 20:00,8/30/2022 21:30,"Immerse yourself in Next 2W lore firsthand with 2Wlympics! Drink some unlabeled and not sus liquids. Assist the one and only Ayyub in his never-ending quest to find his pennyboard. Assert your taste-testing, skateboard-sleuthing dominance and live the 2Wester life for an afternoon.",weird,TRUE,,,,,,,,,,,,,,,
Next House Housing Lottery Info Session,Next ,"Next House TFL, TV Area",8/30/2022 20:00,8/30/2022 21:00,living in next? unsure of how our housing process works? come talk to our housing chair and get any questions you may have answered.,,TRUE,,,,,,,,,,,,,,,
Bubble Tea Social,Next ,Next House Country Kitchen,8/30/2022 19:00,8/30/2022 21:00,"WHO DOESN'T LIKE BOB...A??? Pull through to enjoy tapioca pearls with an assortment of beverages, jigsaw puzzles, and the company of current Nexties!",chill,TRUE,,,,,,,,,,,,,,,
"Ab ripper, smoothies, and orbeez",Next,Next House 5W Main Lounge,8/30/2022 19:00,8/30/2022 21:00,"Start off the semester healthy by building your muscles with Next House 5W. Join us for P90X-Ab Ripper X, recover with smoothies, and relax with orbeez!",food,TRUE,,,,,,,,,,,,,,,
Midnight Pancakes,Next,Next House Country Kitchen,8/30/2022 22:00,8/31/2022 2:00,Come to one of Next House's signature events following a warm wholesome karaoke session. Catch pancakes in the Next House country kitchen (literally)! Chill and talk to Nexties! Warm up with hot chocolate and the vibes ~,food,TRUE,,,,,,,,,,,,,,,
Karaoke with Next Sing!,Next,Next House Basement,8/30/2022 22:00,8/31/2022 2:00,"Meet the members of Next Sing and belt your heart out to your favorite tunes! Eat pancakes with Nexties at the same time! *Next Sing is a campus-wide singing group open to everyone, regardless of skill or experience, based out of Next House.",karaoke,TRUE,,,,,,,,,,,,,,,
Lego My Eggo,Next,Next House Country Kitchen,8/31/2022 8:00,8/31/2022 10:00,Did someone say Legos? And Eggo Waffles?!? Come through to relive your childhood (and maybe even adulthood) in the best possible way! Get delicious breakfast to keep you running for the rest of the day AND channel your Mens et Manus by building stuff out of Lego!,food,TRUE,,,,,,,,,,,,,,,
Continental Breakfast,New Vassar,New Vassar Game Room,8/28/2022 9:00,8/28/2022 11:00,Come grab some free breakfast and meet new friends at the New Vassar Continental Breakfast!,"food,breakfast",TRUE,,,,,,,,,,,,,,,
Ultimate Frisbee,New Vassar,Briggs Field,8/28/2022 11:00,8/28/2022 14:00,Move your body and make new friends on Briggs Field while playing Ultimate Frisbee!,games,TRUE,,,,,,,,,,,,,,,
Make with NV,New Vassar,New Vassar Makerspace,8/28/2022 14:00,8/28/2022 17:00,Create and assemble a unique desk light in New Vassar's state-of-the-art makerspace.,making,TRUE,,,,,,,,,,,,,,,
Game Night + Smoothies,New Vassar,New Vassar Game Room,8/28/2022 19:30,8/28/2022 21:30,"Play your favorite game, learn a new one, and drink delicious smoothies with new friends in the best game room on campus.","games,food",TRUE,,,,,,,,,,,,,,,
Tour New Vassar,New Vassar,New Vassar Lobby,8/28/2022 20:00,8/28/2022 20:30,"Take a peek inside your future home with a New Vassar tour, guided by a New Vassar resident.",tour,TRUE,,,,,,,,,,,,,,,
Movie Night,New Vassar,New Vassar Mezzanine,8/28/2022 21:30,8/28/2022 23:30,Kick back and watch a movie with friends in New Vassar's beautiful mezzanine.,movie,TRUE,,,,,,,,,,,,,,,
Continental Breakfast,New Vassar,New Vassar Game Room,8/29/2022 9:00,8/29/2022 11:00,Come grab some free breakfast and meet new friends at the New Vassar Continental Breakfast!,"food,breakfast",TRUE,,,,,,,,,,,,,,,
Make with New Vassar,New Vassar,New Vassar Makerspace,8/29/2022 14:00,8/29/2022 17:00,Create and assemble a unique desk light in New Vassar's state-of-the-art makerspace.,making,TRUE,,,,,,,,,,,,,,,
Laser Tag,New Vassar,New Vassar Mezzanine,8/29/2022 19:30,8/29/2022 21:30,Get a tactical edge in the annual New Vassar Laser Tag competition!,games,TRUE,,,,,,,,,,,,,,,
Tour New Vassar,New Vassar,New Vassar Lobby,8/29/2022 20:00,8/29/2022 20:30,"Take a peek inside your future home with a New Vassar tour, guided by a New Vassar resident.",tour,TRUE,,,,,,,,,,,,,,,
Movie Night,New Vassar,New Vassar Mezzanine,8/29/2022 21:30,8/29/2022 23:30,Kick back and watch a movie with friends in New Vassar's beautiful mezzanine.,movie,TRUE,,,,,,,,,,,,,,,
Continental Breakfast,New Vassar,New Vassar Lobby,8/30/2022 9:00,8/30/2022 11:00,Come grab some free breakfast and meet new friends at the New Vassar Continental Breakfast!,food,TRUE,,,,,,,,,,,,,,,
New Vassar Cookout,New Vassar,New Vassar Courtyard & Mezzanine,8/30/2022 18:30,8/30/2022 20:30,"Advance your culinary skills, eat free food, and meet friends at the New Vassar Cookout!","food,cooking",TRUE,,,,,,,,,,,,,,,
Game Night + Chocolate Strawberries,New Vassar,New Vassar Game Room,8/30/2022 19:30,8/30/2022 21:30,"Play your favorite game, learn a new one, and eat chocolate strawberries with new friends in the best game room on campus.","games,food",TRUE,,,,,,,,,,,,,,,
Tour New Vassar,New Vassar,New Vassar Lobby,8/30/2022 20:00,8/30/2022 20:30,"Take a peek inside your future home with a New Vassar tour, guided by a New Vassar resident.",tour,TRUE,,,,,,,,,,,,,,,
Movie Night,New Vassar,New Vassar Mezzanine,8/30/2022 21:30,8/30/2022 23:30,Kick back and watch a movie with friends in New Vassar's beautiful mezzanine.,movie,TRUE,,,,,,,,,,,,,,,
Continental Breakfast,New Vassar,New Vassar Game Room,8/31/2022 9:00,8/31/2022 11:00,Come grab some free breakfast and meet new friends at the New Vassar Continental Breakfast!,"food,breakfast",TRUE,,,,,,,,,,,,,,,
Succulent Painting & Perler Beads,New Vassar,New Vassar Game Room,8/31/2022 16:30,8/31/2022 18:00,Get artsy and crafty with succulent pot painting and Perler beads!,"art,craft",TRUE,,,,,,,,,,,,,,,
Ping Pong Tournament,New Vassar,New Vassar Game Room,8/31/2022 18:00,8/31/2022 19:30,Break out your ping pong skills and get your competitive hype on with the New Vassar Ping Pong Singles tournament!,games,TRUE,,,,,,,,,,,,,,,
Game Night + Boba,New Vassar,New Vassar Game Room,8/31/2022 19:30,8/31/2022 21:30,"Play your favorite game, learn a new one, and drink boba tea with new friends in the best game room on campus.","games,food",TRUE,,,,,,,,,,,,,,,
Tour New Vassar,New Vassar,New Vassar Lobby,8/31/2022 20:00,8/31/2022 20:30,"Take a peek inside your future home with a New Vassar tour, guided by a New Vassar resident.",tour,TRUE,,,,,,,,,,,,,,,
Movie Night,New Vassar,New Vassar Mezzanine,8/31/2022 21:00,8/31/2022 23:00,Kick back and watch a movie with friends in New Vassar's beautiful mezzanine.,movie,TRUE,,,,,,,,,,,,,,,
Build-a-duck,Simmons Hall,Stadium Steps,8/28/2022 14:00,8/28/2022 17:00,Masterful craftspeople (and upperclassmen) work together at the most porous dorm to construct a mighty war engine to do battle in the water war,build,TRUE,,,,,,,,,,,,,,,
Build-a-duck,Simmons Hall,Stadium Steps,8/29/2022 14:00,8/29/2022 17:00,Masterful craftspeople (and upperclassmen) work together at the most porous dorm to construct a mighty war engine to do battle in the water war,build,TRUE,,,,,,,,,,,,,,,
Capture the Sponge,Simmons Hall,MPR,8/28/2022 11:00,8/28/2022 12:30,"Prospective ducks join one another in spongey, squishy warfare, complete with the juxtaposition of theft and wholesome quantities of oxytocin",active,TRUE,,,,,,,,,,,,,,,
Cats (2019) Showing,Simmons Hall,MPR,8/30/2022 8:00,8/30/2022 10:00,"scream. cry. feel the wrath of the sponge. most importantly, point your eyes towards humanoid cats",chill,TRUE,,,,,,,,,,,,,,,
Cheesecake and Sporcle,Simmons Hall,MPR,8/30/2022 23:00,8/31/2022 0:30,LET THEM EAT CAKE! Come enjoy some cheescake as we all try to complete trivia games and eventually end of screaming together!,"food,trivia",TRUE,,,,,,,,,,,,,,,
Chocolate Tasting Party,Simmons Hall,Late Night Cafe,8/30/2022 19:00,8/30/2022 20:00,You like chocolates! We have chocolates! Come get a taste.,food,TRUE,,,,,,,,,,,,,,,
Cookies in the Country Kitchen,Simmons Hall,Country Kitchen,8/28/2022 13:30,8/28/2022 15:00,Bake cookies with oldies in the Simmons country kitchen!,food,TRUE,,,,,,,,,,,,,,,
Crab Rave (just dance with the sims!),Simmons Hall,MPR,8/28/2022 19:30,8/28/2022 20:30,Come have some fun and show off your best dance moves with the Sims in a Just Dance marathon of epic proportions! ,dance,TRUE,,,,,,,,,,,,,,,
duck duck SPONGE,Simmons Hall,Front Lawn,8/30/2022 20:30,8/30/2022 21:30,Have you ever wanted the chance to run around a group of strangers you just met and arbitrarily choose one to soak with a giant sponge? ME TOO! Come play duck duck sponge! It's like duck duck goose but literally better :),water,TRUE,,,,,,,,,,,,,,,
Dumpling Party,Simmons Hall,Late Night Cafe,8/30/2022 23:30,8/31/2022 1:00,Come make and eat dumplings! (Vegetarian and non-pork dumplings included),food,TRUE,,,,,,,,,,,,,,,
Escape the Room,Simmons Hall,MPR,8/29/2022 15:30,8/29/2022 17:00,"Telegrams, velociraptors, and maybe even a dog. All locked with you in one room. Will you survive? Probably not, and the velociraptors deserve a snack anyway.",,TRUE,,,,,,,,,,,,,,,
Extreme Ice Cream,Simmons Hall,Late Night Cafe,8/28/2022 23:30,8/29/2022 0:30,"It's sick and twisted how cookie dough ice cream doesn't have enough cookie dough. Let's solve that by smashing some massive chunks of heavenly cookie dough into ice cream. Join us to make some extreme ice cream sundaes from big ol' cakes, cookies, pastries, and candies.",food,TRUE,,,,,,,,,,,,,,,
Fancy Little Tea Party for Fancy Folks,Simmons Hall,TV Lounge,8/31/2022 17:30,8/31/2022 18:30,"Are you a fancy lad looking for some refined company? Join us to sample an array of pastries and delightful little sandwiches while haughtily talking about sophisticated topics we know nothing about like ""The economy!"" *fake laughter*",food,TRUE,,,,,,,,,,,,,,,
Floor is Lava,Simmons Hall,"2nd floor hammock lounge and hallways/lounge staircases on the way to 7th floor terrace, plus Celevator to return chairs to 2nd floor hammock lounge",8/29/2022 14:00,8/29/2022 15:00,Roll around the erupting Mount Simmons in chairs. Move from lounge to lounge without touching the floor and boucing off the walls. Velociraptor repelent not provided.,energy,TRUE,,,,,,,,,,,,,,,
Gatas,Simmons Hall,2nd Floor Pool Table,8/29/2022 19:30,8/29/2022 20:30,pool table madness with this simmons classic,energy,TRUE,,,,,,,,,,,,,,,
Gatas,Simmons Hall,2nd Floor Pool Table,8/28/2022 13:00,8/28/2022 14:00,pool table madness with this simmons classic,energy,TRUE,,,,,,,,,,,,,,,
Gatas,Simmons Hall,2nd Floor Pool Table,8/31/2022 17:30,8/31/2022 18:30,pool table madness with this simmons classic,energy,TRUE,,,,,,,,,,,,,,,
Giant Puzzle Doing!,Simmons Hall,,8/29/2022 9:30,8/29/2022 22:00,"One giant, puzzlingly-shaped dorm. One giant, actual (jigsaw) puzzle. One entire day. If you want to help us put this puzzle together, feel free to stop by for as long or short as you want!",puzzles,TRUE,,,,,,,,,,,,,,,
Giant Stuff with Mini Food,Simmons Hall,Mailbox Lounge,8/29/2022 15:00,8/29/2022 16:30,"Come play with some giant stuff while eating some mini food! We'll have objects from giant teddy bears and a giant chess set, and some giant games as well!",food,TRUE,,,,,,,,,,,,,,,
"Grill, fill, chill",Simmons Hall,Front Lawn,8/29/2022 19:30,8/29/2022 21:00,"eat bbq at the simmons grills! we've got burgers & dogs(hot), as well as veggie options!",food,TRUE,,,,,,,,,,,,,,,
Head of House Study Break,Simmons Hall,stadium steps,8/28/2022 16:30,8/28/2022 17:30,eat homemade ice cream with the simmons house team!,food,TRUE,,,,,,,,,,,,,,,
Kaito Event,Simmons Hall,front lawn,8/29/2022 9:30,8/29/2022 10:30,"Do you like doggos? Big floofers? Absolute units of cuddles? Well, come meet Kaito!","dog,chill",TRUE,,,,,,,,,,,,,,,
Late Night Nugs,Simmons Hall,Late Night Cafe,8/29/2022 23:30,8/30/2022 1:00,"A meal of delicious, exquisite chicken nuggets will be provided for our amazing freshmen. Come join and get to eat with your new simmons pals.  Which dipping sauce is superior in your opinion??? Let's find out at late night nugs :) ",food,TRUE,,,,,,,,,,,,,,,
Mac n' Cheese vs. Ramen,Simmons Hall,Late Night Cafe,8/31/2022 16:30,8/31/2022 18:30,"There can only be one college meal to rise above the others, and we need you to decide. Vegetarian options available.",food,TRUE,,,,,,,,,,,,,,,
Magical Rainbow Sponge,Simmons Hall,,8/29/2022 23:30,8/30/2022 0:30,"Wondering what it's like to be queer at MIT/Simmons? Come chat with some residents about their MIT experience to ask any questions you have and meet some extremely cool (gay) people. There will be rainbows galore, and I dare say it will be magical.",queer,TRUE,,,,,,,,,,,,,,,
Movie Marathon Night,Simmons Hall,TV Lounge,8/29/2022 19:30,8/30/2022 1:00,"-Dark Knight Trilogy with popcorn and snacks.                   -Jurassic Park Trilogy(original) with popcorn and snacks.             -Star Wars Trilogy(Original) with popcorn and snacks.               -Toy Story Trilogy(no four due to time)  with popcorn and snacks.       *These are options and not all will be played, depending on scheduling, movie availabitlity, etc. Therefore only a few of these sentences will be used for the booklet*","movie,snack",TRUE,,,,,,,,,,,,,,,
Chalk Mural Pallooza!,Simmons Hall,,8/28/2022 9:30,8/28/2022 10:30,Have you ever seen the iconic art pieces which fill the simmons halls? Join the ranks of the great sponge artists today! We'll provide the chalk,,TRUE,,,,,,,,,,,,,,,
Nailed It!,Simmons Hall,Country Kitchen,8/28/2022 22:30,8/29/2022 1:00,Amateur chefs + fancy cake recipe = ???,"food,making",TRUE,,,,,,,,,,,,,,,
Night at the Sponge,Simmons Hall,MPR,8/28/2022 21:00,8/28/2022 23:00,"Grab some pizza, meet some Simms, or just relax after an action-packed day!","food,chill",TRUE,,,,,,,,,,,,,,,
Not throwing away my duck! ,Simmons Hall,7th Floor Terrace,8/28/2022 20:00,8/28/2022 22:00,"young, spongy, and ducky?",,TRUE,,,,,,,,,,,,,,,
Origami!,Simmons Hall,Athena Cluster,8/28/2022 12:00,8/28/2022 13:00,"Come fold paper into fun shapes and talk to us!! Paper and instructions will be provided, or you can wow us with your own amazing creations ;)",chill,TRUE,,,,,,,,,,,,,,,
Pancake breakfast: a new batch of prefrosh,Simmons Hall,Late Night Cafe,8/28/2022 8:00,8/28/2022 10:00,"Not so long ago, in a dorm kitchen not so far far away, there were many pancakes waiting to be eaten. Come meet some great people, chat about simmons and MIT, and eat some delicious (FREE) pancakes! ",food,TRUE,,,,,,,,,,,,,,,
Pancake breakfast: return of the syrup,Simmons Hall,Late Night Cafe,8/29/2022 8:00,8/29/2022 10:00,"Though the first batch may have been eaten already, many pancakes still remain. Come hang out and get a delicious breakfast made of the 3 key nutritional food groups: Pancakes, toppings, and syrup!",food,TRUE,,,,,,,,,,,,,,,
Pancake breakfast: the syrup strikes back,Simmons Hall,Late Night Cafe,8/30/2022 8:00,8/30/2022 10:00,We're you so busy soaking in all our other toppings that you forgot about the syrup? Syrup doesn't like to be forgotten.,food,TRUE,,,,,,,,,,,,,,,
pancake breakfast: orange you sad it's over?,Simmons Hall,Late Night Cafe,8/31/2022 8:00,8/31/2022 10:00,"Last, but certainly not least! Come help us finish off our pancakes and have a great time! (no promises that we will have oranges)",food,TRUE,,,,,,,,,,,,,,,
Pop bubble wrap,Simmons Hall,Mailbox Lounge,8/28/2022 11:30,8/28/2022 12:30,Come destress and pop bubbles. Who can resist??,chill,TRUE,,,,,,,,,,,,,,,
Puzzle Hunt,Simmons Hall,Late Night Cafe,8/30/2022 20:30,8/30/2022 23:00,"Whether you have participated in MIT Mystery Hunt before or you think this is an event that somehow combines jigsaw puzzles and scavenger hunts, come chill and solve some puzzles with us! - 01101010","puzzles,chill,snack",TRUE,,,,,,,,,,,,,,,
Scootah Hockey,Simmons Hall,Simmons Dining,8/28/2022 14:30,8/28/2022 16:00,What happens when you take the scootahs from PE class and combine it with hockey? Do you get a sporting bout worthy of the Olympics? No! Far greater! Olympians wish they could play scootah hockey! Around 5% of applicants get into MIT and less than 1% of them will be crowned Scootah Hockey champions! Will it be you?,,TRUE,,,,,,,,,,,,,,,
Shield Decoration (water war),Simmons Hall,Front Lawn,8/28/2022 10:00,8/28/2022 11:00,Prepare for the water war by painting shields for West Campus!,,TRUE,,,,,,,,,,,,,,,
SIMFEST!,Simmons Hall,WHOLE SPONGE,8/29/2022 21:00,8/29/2022 23:00,"Explore what it means to be a Sim at Simfest, Simmons most Simmonsy event featuring mini events throughout the dorm. Come play mahjong, tape our dorm president to the wall, or decorate rubber ducks! Participate in sports like gatas, ping pong, and mario kart! Eat some cheese, gelatinized foods, or miracle berries! There are even more events to discover at this crash course of Simmons culture.",,TRUE,,,,,,,,,,,,,,,
Smash Ultimate Tournament,Simmons Hall,party room,8/28/2022 22:00,8/28/2022 23:30,"Put your gamer skills to the test to defeat Old Simms, New Simms, and everyone in between in Smash Ultimate!",video games,TRUE,,,,,,,,,,,,,,,
Some kinda field trip event,Simmons Hall,"Mailbox Lounge, then Country Kitchen",8/29/2022 14:00,8/29/2022 15:00,"Come take a tour of Main Street and visit H-MART! If you miss us leaving, meet us coming back to the Sponge with our spoils (ramen).",,TRUE,,,,,,,,,,,,,,,
Spaghetti Dinner,Simmons Hall,Late Night Cafe,8/28/2022 19:30,8/28/2022 21:30,"Hungry? I hope so. We've prepared a classic spaghetti dinner just for you, where you can make your own pasta dinner ahd choose sauces, meats, and veggies. Gluten free and vegan options available. [this time with enough pasta]",,TRUE,,,,,,,,,,,,,,,
Spongebob in the Sponge,Simmons Hall,TV Lounge,8/28/2022 16:00,8/28/2022 18:00,Need a break from some crazy REX activities? Come eat snacks and watch everyone's favorite Sponge in the sponge!,"tv,chill,snack",TRUE,,,,,,,,,,,,,,,
The blocks are strong with us,Simmons Hall,TV Lounge,8/30/2022 18:30,8/30/2022 20:00,"May the 4th be with you.. wait what it's not May any more? Join us to chill, chat and snack as we take on a build from the LEGO Star Wars collection!","chill,making,snack",TRUE,,,,,,,,,,,,,,,
Top of the Sponge Party (TOTS),Simmons Hall,7th Floor Terrace,8/30/2022 21:00,8/31/2022 1:00,come party atop the most porous dorm! we have music & mocktails. bad dancing is encouraged,,TRUE,,,,,,,,,,,,,,,
Water War  ,Simmons Hall,Front Lawn,8/30/2022 19:00,8/30/2022 20:00,The ultimate water balloon fight. West campus vs. East Campus. Come support the trojan duck in our quest for glory,,TRUE,,,,,,,,,,,,,,,
Water War Prep,Simmons Hall,Stadium Steps,8/30/2022 18:30,8/30/2022 19:00,Come fill some water balloons and buckets to prep for the ultimate battle. ,,TRUE,,,,,,,,,,,,,,,
Wheely Chair Yousting,Simmons Hall,,8/29/2022 10:00,8/29/2022 11:00,"You joust, but with wheely chairs and pool noodles. ",,TRUE,,,,,,,,,,,,,,,
Movie Night ,Maseeh ,Maseeh Courtyard,8/31/2022 17:00,8/31/2022 20:00,Join us for a Maseeh movie night in the courtyard!,"food,outdoors,social",TRUE,,,,,,,,,,,,,,,
Waffle Night ,Maseeh ,Maseeh Courtyard,8/29/2022 20:00,8/29/2022 22:00,"Belgian waffles, fresh fruit, and ungodly amounts of chocolate can only mean one thing√¢‚Ç¨¬¶ the annual Maseeh Waffle Night! ","food,outdoors",TRUE,,,,,,,,,,,,,,,
Ultimate Spice Night ,Maseeh ,Maseeh Courtyard,8/30/2022 19:00,8/30/2022 20:00,Think you can take the heat? Join us for Maseeh Spice Night to put your taste buds to the test with free super spicy wings and ramen! ,"food,outdoors",TRUE,,,,,,,,,,,,,,,
Smash Tournament ,Maseeh ,Maseeh Courtyard,8/30/2022 20:00,8/30/2022 22:00,Join us for a Maseeh traditional of Smash bracket tournament style! Prizes will be given to the winners.,"food,outdoors,social",TRUE,,,,,,,,,,,,,,,
Maseeh Olympics,Maseeh ,Maseeh Courtyard,8/29/2022 14:00,8/29/2022 17:00,Join us and celebrate the Olympics by competing with and against your fellow first years in various Olympic events & yard games.,"food,outdoors,social",TRUE,,,,,,,,,,,,,,,
Sunrise + Painting,Maseeh ,Maseeh Courtyard,8/31/2022 5:30,8/31/2022 8:00,"Live like a Pinterest post with Maseeh sunrise painting, complete with locally sourced charcuterie boards of course! ","social,activity",TRUE,,,,,,,,,,,,,,,
Dorm Tour,Maseeh ,Maseeh Lobby,8/28/2022 9:00,8/28/2022 9:30,What do different rooms look like? How do I use the washer? What's the meaning of my life? All these questions and more will be answered on dorm tours! ,tour,TRUE,,,,,,,,,,,,,,,
Dorm Tours + Scavenger Hunt,Maseeh ,Maseeh Lobby,8/29/2022 9:00,8/29/2022 10:00,What do different rooms look like? How do I use the washer? What's the meaning of my life? All these questions and more will be answered on dorm tours + perhaps you'll find some swimming surprises(quack quack)!,"activity,indoors,social",TRUE,,,,,,,,,,,,,,,
Dorm Tour,Maseeh ,Maseeh Lobby,8/30/2022 9:00,8/30/2022 9:30,What do different rooms look like? How do I use the washer? What's the meaning of my life? All these questions and more will be answered on dorm tours! ,tour,TRUE,,,,,,,,,,,,,,,
Dorm Tour,Maseeh ,Maseeh Lobby,8/31/2022 9:00,8/31/2022 9:30,What do different rooms look like? How do I use the washer? What's the meaning of my life? All these questions and more will be answered on dorm tours! ,tour,TRUE,,,,,,,,,,,,,,,
Boba & Beauty,Burton Conner,Conner 4 (floor 4),8/29/2022 14:30,8/29/2022 16:30,"Come for a relaxing session of nail painting, face masks, and enjoying boba!","food,c4,favorite",TRUE,,,,,,,,,,,,,,,
Hadrosaurus and Habaneros,Burton Conner,Conner 5 Flounge,8/28/2022 21:00,8/28/2022 22:30,Help C5 fix our dino nugget overpopulation problem by drowning them in hot sauce,"food,c5,favorite",TRUE,,,,,,,,,,,,,,,
Tie-Dye & Fabric Design,Burton Conner,Burton Conner Courtyard,8/30/2022 19:00,8/30/2022 21:00,"Bring your t-shirts to life with tie-dye, fabric pens, and fabric scissors! We'll also have free white t-shirts, as well as snacks and ice cream! ",food,TRUE,,,,,,,,,,,,,,,
Water Balloon Fight,Burton Conner,Burton Conner Courtyard,8/29/2022 15:30,8/29/2022 16:30,"WATER BALLOON FIGHTTT!! 'nuff said. Plus, if you get tired, you can also chill in our ac'd Conner 4 lounge and drink our free boba.","food,favorite",TRUE,,,,,,,,,,,,,,,
"C5 Snacks, Smash, and Mario Kart",Burton Conner,BC C5 Floor Lounge,8/30/2022 20:00,8/30/2022 22:00,Want to show off your god gamer skillz? Just wanna hang out and play video games with some chill people and even better snacks? Do both with C5!,"food,video games",TRUE,,,,,,,,,,,,,,,
BC Field Day!,Burton Conner,Briggs Field C,8/28/2022 13:00,8/28/2022 16:00,"Remember field day? Compete in fun games with Burton Conner!! Including but not limited to: tug of war, forehead oreo challenge, dizzy bat, jell-o slurping race, 3-legged race, a bunch of other races, you get the idea...",favorite,TRUE,,,,,,,,,,,,,,,
Tinsel+Kombucha,Burton Conner,C2 flounge,8/29/2022 15:02,8/29/2022 16:02,Come relive the early 2000s and get tinsel put in your hair! Kombucha will be made as well as to drink!,c2,TRUE,,,,,,,,,,,,,,,
C2 Building Pillow Forts!!,Burton Conner,C2 flounge,8/29/2022 20:02,8/29/2022 21:32,come build pillow forts with C2!!! pj's optional. other activities include nail painting and stuffed animal show and tell ;D,c2,TRUE,,,,,,,,,,,,,,,
gettin j1ggy with 1t,Burton Conner,BC Dance Studio,8/29/2022 14:31,8/29/2022 15:31,"imag1ne: an open dancefloor, your local b-oners, an absolute banger of a bop. What. Do. You. Do. Come learn how to drop it like a b-oner from our very own MIT dance biddies (no dance skills required) ",dance,TRUE,,,,,,,,,,,,,,,
b-oner carv1val,Burton Conner,"In front of BC, Amherst Alley side",8/29/2022 15:31,8/29/2022 17:01,"make a mess (did some1 say ooblek kiddie pool?), be a mess (temporary tatt any1?), & eat some sweet snaccs at the b-oner c1rcus",food,TRUE,,,,,,,,,,,,,,,
everything is b1ue,Burton Conner,B1 floor lounge,8/30/2022 20:01,8/30/2022 21:01,a 4D experience of burton one blue - Pantone's color of the year. the mission is simple: paint everything (people included) blue,"chaotic,art,b1,favorite",TRUE,,,,,,,,,,,,,,,
bone app the teeth,Burton Conner,B1 floor lounge,8/28/2022 20:01,8/28/2022 21:01,"have you ever had blue p1zza? neither have we. make your own (mostly) blue pizza. the more creative (or graphic), the better.","food,cooking",TRUE,,,,,,,,,,,,,,,
‚ú®Classy‚ú® Produce Carving,Burton Conner,C2 Flounge,8/30/2022 18:32,8/30/2022 20:02,Because carving your own marble is unBritish (and won't win you the Apple Bake). Venus de Milo? More like Venus de Milocalfarmers'market.,"food,art",TRUE,,,,,,,,,,,,,,,
Awakenings and Bakenings,Burton Conner,burton third center suite (341),8/28/2022 12:03,8/28/2022 13:03,grab some brunch & baked goods with burton third! ,"food,b3rd",TRUE,,,,,,,,,,,,,,,
so you wanna work on wall street?,Burton Conner,"in front of BC, Amherst Alley side",8/28/2022 15:33,8/28/2022 17:03,1 business degree is guaranteed after a simple session with corporate aficionados Anna Heritance and Ned Potism. You can't miss out on this deal!,b3rd,TRUE,,,,,,,,,,,,,,,
hoochie daddy slam poetry,Burton Conner,burton third flounge,8/29/2022 15:33,8/29/2022 17:03,an anthropological deep dive,b3rd,TRUE,,,,,,,,,,,,,,,
virgin fun on the beach,Burton Conner,burton third center suite (341),8/30/2022 20:33,8/30/2022 22:03,"burnt out from all that running around? join us to chill, chat, and have a mocktail (or 3rd)",b3rd,TRUE,,,,,,,,,,,,,,,
deep talks with shallow people,Burton Conner,burton third flounge,8/29/2022 21:03,8/29/2022 22:33,"discuss the meaning of life, et al.","b3rd,favorite",TRUE,,,,,,,,,,,,,,,
goose on the loose,Burton Conner,burton third flounge,8/30/2022 19:33,8/30/2022 20:33,The goose is loose. Can you find his caboose? Solve clues to locate this feathery recluse.,b3rd,TRUE,,,,,,,,,,,,,,,
no more table,Burton Conner,burton third flounge,8/29/2022 14:33,8/29/2022 15:33,No. More table.,b3rd,TRUE,,,,,,,,,,,,,,,
Breakfa5st Time with B5,Burton Conner,B5 center suite,8/30/2022 8:00,8/30/2022 10:00,"""Early riser? Start your day the right way.

*Cue the music*

B5, top of the pancake stack
more syrup than any other flapjack
more spirit than any other maniac
unforgettable, just like an amnesiac...""","breakfast,food",TRUE,,,,,,,,,,,,,,,
B99 with B2,Burton Conner,Burton 2 flounge,8/28/2022 22:00,8/28/2022 23:00,In which we watch Brooklyn99 ,"tv,watch party",TRUE,,,,,,,,,,,,,,,
B2 Water Mocktails,Burton Conner,Burton 2 flounge,8/29/2022 20:00,8/29/2022 21:00,In which you sample the effervescence of various water sources,water,TRUE,,,,,,,,,,,,,,,
"B2 Dire, Dire Docks Trip",Burton Conner,meet in Burton 2 flounge,8/29/2022 22:00,8/29/2022 23:59,In which we take a stroll to the Esplanade and look at the stars,boston,TRUE,,,,,,,,,,,,,,,
B2 Lemonade,Burton Conner,"Burton-Conner grill tables (if weather permits, otherwise in B2 flounge)",8/30/2022 12:00,8/31/2022 12:00,In which we run a full ‚òÄÔ∏è24hüåõ lemonade stand üçã,"b2,favorite",TRUE,,,,,,,,,,,,,,,
B2 Game Knight,Burton Conner,Burton 2 flounge,8/30/2022 20:00,8/30/2022 22:00,"What did you say to me, you little‚Ä¶. I'll have you know B2 graduated top of their class and we've been involved in numerous board game and video game nights. We are trained in Jackbox, Mariokart, and Overcooked, and we're the top Smashers in the entire MIT armed forces. ",video games,TRUE,,,,,,,,,,,,,,,
Poker and Potatoes,Burton Conner,B5 center suite,8/28/2022 20:30,8/28/2022 23:00,Come play potatoes and eat poker on B5!,food,TRUE,,,,,,,,,,,,,,,
Boba and Chat,Burton Conner,B5 Center Suite,8/29/2022 14:30,8/29/2022 16:30,"social, indoors, food, drink, games, video games","food,boba,b5",TRUE,,,,,,,,,,,,,,,
B2 Karaoke,Burton Conner,Burton 2 flounge,8/30/2022 23:00,8/30/2022 23:59,In which we try not to love musicals and Disney films too much üé§,karaoke,TRUE,,,,,,,,,,,,,,,
B2 Challah Baking,Burton Conner,Burton 2 Suite 254,8/29/2022 21:00,8/29/2022 22:00,In which the kosher suites teach you to braid bread ,"food,b2,favorite",TRUE,,,,,,,,,,,,,,,
Super Sushi,Burton Conner,B5 Center Suite,8/31/2022 18:00,8/31/2022 20:00,"Sushi, sushi, come make your own sushi! Head over to B5 to hand craft your very own tasty sushi and then eat it! Come for the sushi and stay for the vibes with B5!","food,b5,favorite",TRUE,,,,,,,,,,,,,,,
will it w4ffle??,Burton Conner,B4 Center Suite Kitchen,8/28/2022 21:30,8/28/2022 23:00,disrespect our waffle makers by waffling things that really shouldn't be waffled,"food,b4,favorite",TRUE,,,,,,,,,,,,,,,
w4ter is wet/not wet,Burton Conner,BC BBQ Pits,8/29/2022 15:00,8/29/2022 17:00,Is water wet? Come find out and get wet/not wet,activity,TRUE,,,,,,,,,,,,,,,
S4RDINES,Burton Conner,B4 floor lounge,8/30/2022 21:00,8/30/2022 22:30,you are a fish,"food,activity",TRUE,,,,,,,,,,,,,,,
c4pture the fl4g,Burton Conner,Briggs Field (closest to Burton Conner),8/31/2022 17:00,8/31/2022 18:00,can you juke out the jukiest of them all,"activity,games,outdoors",TRUE,,,,,,,,,,,,,,,
Mountain Dew Baking,Burton Conner,Conner 2 - 223/24 kitchens,8/30/2022 20:02,8/30/2022 21:32,Come test your baking skills with a very special ingredient - Mountain Dew!,food,TRUE,,,,,,,,,,,,,,,
C3 Fruit-a-palooza,Burton Conner,Field A,8/29/2022 14:30,8/29/2022 16:30,Are you ever overcome by the spontaneous urge to smash fruit? Eat fruit? Smash fruit and eat it? Eat fruit and smash it? Come satisfy these desires with Conner 3! ,"food,c3,favorite",TRUE,,,,,,,,,,,,,,,
C3 Green Eggs and Ham,Burton Conner,"Burton Conner, C323 Suite",8/30/2022 8:00,8/30/2022 10:00,Do you like green eggs and ham? Come enjoy green breakfast with Conner 3 to find out! ,"food,breakfast,c3",TRUE,,,,,,,,,,,,,,,
C3 Blind Cake Decorating,Burton Conner,"Burton Conner, C323 Suite",8/29/2022 20:00,8/29/2022 22:00,"Ever watched the Great British baking show? Like that, but instead of British it's Irish*. And instead of professional bakers it's college students. And instead of unobstructed vision it's blindfolded. On the brightside, no hand-eye coordination required!
*we aren't even fully Irish","food,c3",TRUE,,,,,,,,,,,,,,,
C3 Game Night,Burton Conner,"Burton Conner, C3 Floor Lounge",8/30/2022 21:00,8/30/2022 23:00,"Come play board games, card games, video games, or just chill with us and listen to music. Snacks, drink, and maybe even leftover cake provided!","games,c3,snack,food",TRUE,,,,,,,,,,,,,,,
Burton Conner Student Tours,Burton Conner,Burton Conner,8/28/2022 9:00,8/28/2022 10:00,"See all the wonders that BC has to offer, including our favorite bathroom",tour,TRUE,,,,,,,,,,,,,,,
Burton Conner Student Tours,Burton Conner,Burton Conner,8/28/2022 16:00,8/28/2022 17:00,"See all the wonders that BC has to offer, including our favorite bathroom",tour,TRUE,,,,,,,,,,,,,,,
Burton Conner Student Tours,Burton Conner,Burton Conner,8/29/2022 19:00,8/29/2022 20:00,"See all the wonders that BC has to offer, including our favorite bathroom",tour,TRUE,,,,,,,,,,,,,,,
Burton Conner Student Tours,Burton Conner,Burton Conner,8/30/2022 9:00,8/30/2022 10:00,"See all the wonders that BC has to offer, including our favorite bathroom",tour,TRUE,,,,,,,,,,,,,,,
Burton Conner Student Tours,Burton Conner,Burton Conner,8/30/2022 19:00,8/30/2022 20:00,"See all the wonders that BC has to offer, including our favorite bathroom",tour,TRUE,,,,,,,,,,,,,,,
Baker Skyline,Baker,Lower Dining,8/30/2022 22:00,8/30/2022 23:59,"Come to get lit lit lit :-)))) We will have yummy pizza, a hot dance floor, and an amazing time waiting for ya","party,food,dance",TRUE,,,,,,,,,,,,,,,
Baker Carnival ,Baker,Front lawn ,8/29/2022 14:00,8/29/2022 16:00,Stresed out already? Come to pet some cute animals and eat from some A++ food carts! We'll also have dorm tours running is ya want to get an inside look of Baker. ,"party,food,tours",TRUE,,,,,,,,,,,,,,,
"Smoothie, Snack and Tea",Random,clam kitchen,8/28/2022 10:47,8/31/2022 18:47,Come by anytime to relax and grab free smoothie & snack! (‚âß‚óâ‚ó°‚óâ‚â¶)    ,"casual,all-day,snack,tea",TRUE,,,,,,,,,,,,,,,
BYOP (Build Your Own Pizza),Random,loop kitchen,8/28/2022 11:17,8/28/2022 13:17,"Pizza just doesn't get any better than when you make it yourself! Come choose from a truly ludicrous number of toppings and try your hand at tossing pizza dough. Pineapple pizza, pickle pizza, pesto pizza, pizza for dessert?!?  Vegan and gluten-free options available.","food,casual,diy",TRUE,,,,,,,,,,,,,,,
Pierogi Power Hour,Random,bonfire kitchen,8/28/2022 11:47,8/28/2022 13:47,Did your babtsya or vecmƒÅmi≈Üa never teach you how to make pierogies? Don't worry! We'll be your local grandmothers and show you the way :),"food,snack,cooking",TRUE,,,,,,,,,,,,,,,
make dnd characters (5e),Random,bonfire lounge,8/28/2022 12:17,8/28/2022 13:17,ever wanted to play dungeons & dragons? do you already? amazing. chat with us as you are taken through the mechanics of creating a dnd character. we'll help you come up with ideas!,casual,TRUE,,,,,,,,,,,,,,,
spicy ramen taste test,Random,bmf kitchen,8/28/2022 13:17,8/28/2022 14:47,Test your spice tolerance by building your own bowl of spicy ramen! Variety of hot sauce and ramens provided.,"food,chaotic,snack",TRUE,,,,,,,,,,,,,,,
mandatory art time,Random,random roofdeck,8/28/2022 13:47,8/28/2022 15:47,"okay, it's not actually mandatory but what really is? come do art with us! it doesn't matter if you think you're any good! art isn't about being good anyway :)","art,casual,outdoors",TRUE,,,,,,,,,,,,,,,
Hypnosis!,Random,black hole lounge,8/28/2022 14:17,8/28/2022 16:17,Close your eyes. Press on my hands. Sleep! Come learn 'science' MIT won't teach you -- with practical demonstrations!,,TRUE,,,,,,,,,,,,,,,
Random Board Games,Random,bmf lounge,8/28/2022 14:17,8/28/2022 16:17,Come play your choice of board game from our randomly selected pool of games,"casual,chaotic",TRUE,,,,,,,,,,,,,,,
Crochet the Hilbert Curve,Random,loop lounge,8/28/2022 14:47,8/28/2022 16:47,"Come explore the world of mathematical crochet, and help make a Hilbert curve quilt! Never touched a crochet hook? No problem. Never touched a Hilbert curve? Now's your chance! There will be plenty of yarn, a small quantity of math, and lots of good conversation.","craft,casual,art",TRUE,,,,,,,,,,,,,,,
Fish Waffles? Fish Everything!,Random,bonfire kitchen,8/28/2022 15:47,8/28/2022 17:47,Fish shaped waffles... Fish shaped cupcakes... Fish shaped whatever you can dream. Come join us as we explore the limits of what can be cooked in a fish shaped waffle iron. Cupcakes? Marshmallows? Fruit? Ice cream? Come find out. ,"food,creative,chaotic,casual",TRUE,,,,,,,,,,,,,,,
Applied Knot Theory,Random,pecker lounge,8/28/2022 15:47,8/28/2022 17:47,"An introduction to the art of tying up pretty people with pretty knots in practical and ornamental ways! WARNING: This event can expose you to adult-themed conversations, which are known to the State of California to cause discomfort in select individuals.","casual,creative,art",TRUE,,,,,,,,,,,,,,,
Foamsmithing,Random,random roofdeck,8/28/2022 16:17,8/28/2022 17:17,Let us forge a hoard of mighty weapons to defend our honor and the honor of our livestock! Come forth ye brave hero and make a foam sword. Henceforth thou shalt smack thine enemies with glorious purpose!,"craft,outdoors",TRUE,,,,,,,,,,,,,,,
üÖ±MF üÖ±oba Lab,Random,bmf kitchen,8/30/2022 13:47,8/30/2022 14:47,Boba is always best when you build it yourself. Discover your favorite boba/topping combinations today at the BMF Boba Lab.,"snack,boba,casual",TRUE,,,,,,,,,,,,,,,
Wonders of the Laundry Server,Random,random hall laundry room,8/30/2022 14:17,8/30/2022 14:47,Come listen to the stories and wonders of MIT's only laundry server of Random Hall. Stick to the end to have a chance to give our machines brand new names!,casual,TRUE,,,,,,,,,,,,,,,
Lindt‚Ñ¢ Elite Butlering Academy,Random,black hole kitchen,8/28/2022 19:47,8/28/2022 20:47,"We are a sophisticated service Management education corporation teaching the art form of Lindt LINDOR truffle Chocolate Service. In our 1 hour speed butlering academy, you will understand chocolate pairing and service, interacting with your clientele, and earn a certificate of butlerology.",,TRUE,,,,,,,,,,,,,,,
Starkid musical marathon,Random,bonfire lounge,8/28/2022 19:47,8/29/2022 4:47,"Enjoy the height of musical theater, eat snacks, and get ready for several hours of wacky adventures! ","watch party,snack,casual",TRUE,,,,,,,,,,,,,,,
"Beak, Feather + Bone",Random,pecker lounge,8/28/2022 19:47,8/28/2022 21:17,Collaborative city building through a map labelling tabletop RPG. Come join us!,art,TRUE,,,,,,,,,,,,,,,
painting ceiling tiles,Random,bmf lounge,8/28/2022 20:17,8/28/2022 22:17,Did you know that Random Hall has ceiling murals? I wonder how they got up there hmmm... Come decorate your future living spaces by painting the walls!,"art,casual",TRUE,,,,,,,,,,,,,,,
Friendship (Bracelets) and Tea,Random,loop kitchen,8/28/2022 20:17,8/28/2022 21:47,"Come for the tea and bracelets, stay for the friendship! We have a cozy kitchen, everything you need to make your own tea blends, and way too much embroidery floss.","tea,craft,casual",TRUE,,,,,,,,,,,,,,,
Nekomimi Maid Cafe,Random,foo,8/28/2022 20:47,8/28/2022 22:47,Come to Random to be served delicious food by maids with cat ears! kawaii neko maid cafe (=^-.-^=)/ nyaa~,food,TRUE,,,,,,,,,,,,,,,
climb all night,Random,Walker climbing gym (Building 50),8/28/2022 21:17,8/29/2022 5:17,"Climb, watch climbing movies, eat some food","chaotic,nighttime",TRUE,,,,,,,,,,,,,,,
Roofdeck Skygazing,Random,random roofdeck,8/28/2022 21:47,8/28/2022 22:47,"It's been a long day.  Come lie down, relax, and watch the sky.","casual,outdoors,nighttime",TRUE,,,,,,,,,,,,,,,
Crepes and Cartoons,Random,loop lounge,8/31/2022 17:47,8/31/2022 18:47,Celebrate the last afternoon of REX with a plate of crepes and some classic cartoons!,"breakfast,casual,watch party,food",TRUE,,,,,,,,,,,,,,,
the 20th dimension of the self,Random,bonfire kitchen,8/29/2022 14:17,8/29/2022 15:17,"there is nothing like determining your own d&d stats (via a series of challenges) to inspire self-reflection. fifth edition, of course. we're not animals.","chaotic,active",TRUE,,,,,,,,,,,,,,,
DOG.,Random,random roofdeck,8/29/2022 14:17,8/29/2022 15:17,FEED AND PET THE DESTINY DOG IMPA,"casual,outdoors",TRUE,,,,,,,,,,,,,,,
Hyperbolic Scrunchies ,Random,pecker lounge,8/29/2022 14:17,8/29/2022 16:17,Do you enjoy crochet or want to learn this delightful fiber art? Come make Cool Wiggly Shapes!,"diy,casual,craft,snack",TRUE,,,,,,,,,,,,,,,
maps. maps? maps! maps‚ÄΩ maps...,Random,black hole lounge,8/29/2022 14:17,8/29/2022 15:47,i like trains. and maps! do you? come chat with me about them while we collage cut up maps onto a wall,"casual,craft",TRUE,,,,,,,,,,,,,,,
Powerpoint Karaoke,Random,AiW,8/29/2022 14:17,8/29/2022 15:47,"Are you ready for your presentation? What do you mean ""what presentation""? Yes, right now! What, you've never seen these slides before? No problem! Powerpoint Karaoke: we've got random slides you've never seen before, and it's your turn to present!","creative,casual",TRUE,,,,,,,,,,,,,,,
Make Everything Rainbow,Random,black hole kitchen,8/29/2022 14:47,8/29/2022 16:47,Don't own anything rainbow? You can fix that! Own anything not rainbow? You can fix that too! Make new rainbow items or decorate your existing belongings.,craft,TRUE,,,,,,,,,,,,,,,
Spinning on the roofdeck,Random,random roofdeck,8/29/2022 15:17,8/29/2022 16:47,"Learn to spin balls on strings and staffs around your head without hitting yourself! Come hang out on our lovely roofdeck and learn the basics of fire spinning, just without the fire.","outdoors,diy,active",TRUE,,,,,,,,,,,,,,,
Harry Potter Trivia,Random,bonfire lounge,8/29/2022 15:17,8/29/2022 17:17,Think you know the Harry Potter Series inside out and backwards? Test your whit and knowledge against other Harry Potter nerds while enjoying some chocolate based foods to fend of the dementors.,"trivia,snack,casual",TRUE,,,,,,,,,,,,,,,
Family guy death event,Random,destiny lounge,8/29/2022 16:17,8/29/2022 17:17,Compete in a trial with some of Destiny's best Family Guy death pose impersonators to see who can Family Guy death pose the longest. Participation trophies will be provided.,"casual,chaotic,snack,games",TRUE,,,,,,,,,,,,,,,
See You Ladder,Random,loop lounge,8/29/2022 16:47,8/29/2022 17:17,It's simple: at any given moment there are at least 17 wild ladders around MIT's campus. We will show you pictures of ladders and you must guess which ones have been spotted at MIT. simple.,"casual,trivia",TRUE,,,,,,,,,,,,,,,
24 hours of Nickelodeon Show video essays ,Random,black hole lounge,8/29/2022 19:47,8/30/2022 19:47,Remember when a long video essay was an hour? Now spend a whole day watching video essays about nickelodeon shows you might remember from your childhood ,"all-day,watch party",TRUE,,,,,,,,,,,,,,,
LN2 Ice cream,Random,foo,8/29/2022 19:47,8/29/2022 21:47,Reeallllyy cold ice cream,"food,casual",TRUE,,,,,,,,,,,,,,,
Takotakoyaki Time,Random,bmf kitchen,8/29/2022 20:17,8/29/2022 22:17,Takoyaki? Whatchu tako 'bout? Come learn what takoyaki is and how to make some! Or just come to eat delicious food and spectate as people furiously rotate balls of golden doughy goodness. (Vegetarian option available),"food,snack,cooking",TRUE,,,,,,,,,,,,,,,
Get Buried in the Largest Plushie Pit,Random,clam lounge,8/29/2022 20:17,8/29/2022 21:17,Here we try to break the Random record of number of plushies in a giant pile! We have a lot already (squishmallows are very large) but bring your own plushies if you have them so they can be part of this momentous occasion in Random history.,casual,TRUE,,,,,,,,,,,,,,,
PG13 Shades of Grey,Random,destiny lounge,8/29/2022 20:47,8/29/2022 23:47,"Have you ever wanted to watch the critically acclaimed film 50 Shades of Grey but avoided it for its crude nature? Fear not! We have tastefully curated an edited version of the film for your viewing pleasure. Afterwards, participate in a scholarly discussion about the films merits and weaknesses.","casual,nighttime,snack",TRUE,,,,,,,,,,,,,,,
Jackbox :o,Random,loop lounge,8/29/2022 21:17,8/29/2022 22:47,Join us as we play a variety of games in the Jackbox collection.,"casual,games,trivia",TRUE,,,,,,,,,,,,,,,
Roofdeck Movies,Random,random roofdeck,8/29/2022 21:47,8/30/2022 5:47,watch late night movies from Random's lovely roofdeck,"casual,watch party,outdoors,nighttime",TRUE,,,,,,,,,,,,,,,
toss baby yoda up the 282 stairwell speedrun,Random,bonfire front stairwell,8/29/2022 22:17,8/29/2022 22:47,It takes ~1.4 seconds for baby yoda to fall down the entire 282 stairwell from bonfire to destiny. Can we toss him back up faster?,chaotic,TRUE,,,,,,,,,,,,,,,
no strings attached,Random,random roofdeck,8/30/2022 13:17,8/30/2022 14:17,"no, really. there are no strings on this parachute. come play games with us on the roofdeck!","outdoors,chaotic",TRUE,,,,,,,,,,,,,,,
Overcooked and Panic,Random,AiW,8/30/2022 18:47,8/30/2022 20:17,Develop your culinary abilities and panic in the four-player cooperative video game Overcooked.,"games,activity,casual",TRUE,,,,,,,,,,,,,,,
Queer Ladies' Movie Night,Random,loop lounge,8/30/2022 18:47,8/30/2022 21:17,Come hang out and watch a queer movie with us while decorating (and eating) cookies! All identities welcome :),"watch party,snack,casual",TRUE,,,,,,,,,,,,,,,
Words with Nerds,Random,loop kitchen,8/28/2022 20:17,8/28/2022 21:17,Do you have an extensive vocabulary you can't wait to share? Or do you simply love learning new words? Come join us as we play various word games that test your vocab and word association skills!,"casual,games",TRUE,,,,,,,,,,,,,,,
H.P. Lovecrafting,Random,black hole kitchen,8/30/2022 18:47,8/30/2022 20:47,"Make that cuddly Eldritch Horror friend you've always wanted! Rend some plushies asunder and reform them in your own image! A dog head here, some bat wings there, a lizard tail to pull the whole thing together and ta da! Perfection.",craft,TRUE,,,,,,,,,,,,,,,
Dino Nuggets Prehistoric Reenactment,Random,pecker kitchen,8/30/2022 18:47,8/30/2022 19:47,"You are a dinousaur, a ferocious, crispy, powerful dino nugget. You're on a mission to take over the prehistoric world, but that won't come without friendship, betrayal, monching, and ponching. Join us for a yummy dino nug roleplaying game, and play ouut your nuggiest power fantasy. *Dino emoji*","snack,games,casual",TRUE,,,,,,,,,,,,,,,
Bagels and Locks,Random,pecker lounge,8/30/2022 18:47,8/30/2022 20:47,"You know what's even better than free food? Picking locks. Fortunately, we won't make you choose between them. Come pick your way through locks and eat through bagels, or vice versa depending on the quality of your dentist.","casual,creative,chaotic,snack",TRUE,,,,,,,,,,,,,,,
Water. Earth. Fire. Vibes.,Random,black hole lounge,8/30/2022 19:47,8/31/2022 6:47,"Long ago, you watched children's television in harmony. Then everything changed when higher education attacked... Come watch ATLA and chat!","casual,watch party",TRUE,,,,,,,,,,,,,,,
Spongebob Skin Theory: The Shocking Truth,Random,clam lounge,8/30/2022 19:47,8/30/2022 21:17,"Spongebob seems like an innocent show at first, but some things just don't add up...
Here we watch how one man finally discovered the truth: the Spongebob Skin Theory.",watch party,TRUE,,,,,,,,,,,,,,,
Roofdeck Mochi Donuts -- Let's talk about cooking at MIT!,Random,Pecker Kitchen,8/30/2022 19:47,8/30/2022 20:47,"What's that sizzle you hear? It's a delectable, golden-brown mochii donut deep-frying in canola oil, ready to be slathered with glaze and topped with chocolate spinkles. The surface of the donut crackles as your teeth diig into the chewy mochi center, the texture mingling with flavors of matcha and black sesame. Mouth watering yet?","snack,outdoors,casual",TRUE,,,,,,,,,,,,,,,
Problematic meowmeow roulette,Random,AiW,8/30/2022 20:17,8/30/2022 21:17,"Oh, your poor little meowmeow, how misunderstood... wait, who's this again? Defend your problematic fave, PowerPoint roulette version.",activity,TRUE,,,,,,,,,,,,,,,
"Um, Actually",Random,bonfire lounge,8/30/2022 20:47,8/30/2022 22:47,"From Peter Parker to Jonathan Harker, nerds love a lot of things, but there's one thing they love above all else and that is correcting people. Welcome to Um, Actually! Your host will present incorrect statements about the media you know and love. It's your job to correct them.","trivia,casual,competition",TRUE,,,,,,,,,,,,,,,
Odd Freshman Out,Random,clam lounge,8/30/2022 13:17,8/30/2022 14:17,Resolve your impostor syndrome by finding the impostor upperclassmen in a group of freshmen!,"competition,prizes,casual",TRUE,,,,,,,,,,,,,,,
Weird TTRPGs,Random,pecker lounge,8/30/2022 21:17,8/30/2022 23:17,Letter writing game that's actually just analog stardew valley? Radical cat girl anarchy? If any of these sound interesting to you come try out some table top roleplaying games that we've decided have weird or unconventional premises and/or systems,"casual,chaotic,games",TRUE,,,,,,,,,,,,,,,
Bughouse Mughouse,Random,loop kitchen,8/30/2022 21:47,8/30/2022 23:17,Do you like to play chess? Are you hungry? Come play the classic 2v2 chess variant (bughouse) and enjoy food in mugs!,"casual,games,food",TRUE,,,,,,,,,,,,,,,
League of Legends Roleplay,Random,destiny lounge,8/30/2022 21:17,8/30/2022 22:17,Have you ever heard of the hit game League of Legends? Or do you despise it with every atom of your being? Become a character from your favorite game in spirit and associate with like-minded leaguers or become a warrior to defeat those little league players - the choice is yours. Let's light it up!,"casual,chaotic",TRUE,,,,,,,,,,,,,,,
Ao(MI)3,Random,bmf lounge,8/30/2022 22:17,8/30/2022 23:47,Nobody wants to learn about MIT from MIT students. MIT AU fanfics are the best way to learn about MIT. (Accuracy not guaranteed.),"casual,chaotic",TRUE,,,,,,,,,,,,,,,
¬∏.‚Ä¢‚òÜ‚Ä¢.¬∞‚òÖ coffee time ‚òÖ¬∞.‚Ä¢‚òÜ‚Ä¢.¬∏,Random,black hole kitchen,8/31/2022 8:47,8/31/2022 9:47,we have a funky little espresso machine and spend far too much money on our fast brain juice. come grind coffee beans with us and spend some quality time sipping coffee and chatting about MIT with friendly upperclassmen!,casual,TRUE,,,,,,,,,,,,,,,
Multitools & Multivitamins,Random,pecker lounge,8/31/2022 16:47,8/31/2022 18:47,"Learn all the different uses of a multivitamin, and why you should eat two multitools per day!",snack,TRUE,,,,,,,,,,,,,,,
Geoguessr? Hardly Know 'Er!,Random,AiW,8/31/2022 16:17,8/31/2022 18:17,"Guess Geos with us by any means possible! Learn the try hard strats such as: staring at signs, staring at cars, starting at the sky and staring in general! But... are you playing the game, or is the game playing you?","casual,games,chaotic",TRUE,,,,,,,,,,,,,,,
Trivia and Tribulation,Random,bonfire lounge,8/31/2022 15:17,8/31/2022 17:17,"Do you love correcting people? If not, would you like to try it anyways? Come to Random Hall to enjoy a game of trivia based around correcting facts related to science fiction and fantasy. Categories will include: Star Wars, swords, Minecraft, and magic. ","trivia,snack,casual",TRUE,,,,,,,,,,,,,,,
random hall mural hunt,Random,foo,8/31/2022 15:17,8/31/2022 17:17,"our dorm is a colorful maze -- come explore it, and don't forget to look up!","games,activity,casual",TRUE,,,,,,,,,,,,,,,
befoul our walls,Random,black hole kitchen,8/31/2022 15:47,8/31/2022 17:47,"do you look at a white wall and seethe inside?  come paint, doodle, write, scribble, splatter, slosh, stick, ooze, and more on the white walls of black hole. leave your mark. f*ck up black hole.","casual,craft",TRUE,,,,,,,,,,,,,,,
"Make your maker, bake your maker, meet your maker, eat your maker",Random,pecker kitchen,8/31/2022 15:17,8/31/2022 16:47,"I've heard that religion's pretty *sweet*, but what does god look like? Come make and bake your maker by shaping a sweet, pliable dough to re-create god's likeness in the most delicious and holy form---the sugar cookie.","snack,diy,chaotic",TRUE,,,,,,,,,,,,,,,
Learn English and Exercise,Random,clam lounge,8/31/2022 17:47,8/31/2022 18:47,"From the makers of ""I have a bad case of diarrhea"", come learn brand new english sentences and exercise along the way!","casual,food",TRUE,,,,,,,,,,,,,,,
WHAT IS THE *MEAT*ING OF THIS!!?!?!??!?!!?!??!??!?!??!??!??!?!??!,Random,pecker kitchen,8/31/2022 17:17,8/31/2022 18:47,"It's nice to *meat* you. This vegetarian wants to sink their fangs into a rich, umami piece of pure protein. It might be *meat*iculous, but you'll find yourself s*meat*ten with some plant-based protein options.","vegetarian,cooking,diy",TRUE,,,,,,,,,,,,,,,
beans cake,Random,bmf kitchen,8/30/2022 21:17,8/30/2022 22:17,baked beans cupcakes. also chat time,"casual,food",TRUE,,,,,,,,,,,,,,,
Parent Tours,Random,foo,8/29/2022 17:17,8/29/2022 18:17,come see what it's like to live in Random Hall,tour,TRUE,,,,,,,,,,,,,,,
Parent Tours,Random,foo,8/30/2022 17:47,8/30/2022 18:47,come see what it's like to live in Random Hall,tour,TRUE,,,,,,,,,,,,,,,
Parent Tours,Random,foo,8/31/2022 14:17,8/31/2022 15:17,come see what it's like to live in Random Hall,tour,TRUE,,,,,,,,,,,,,,,
WATER WAR!!,All dorms ,Saxon Court,8/30/2022 18:45,8/30/2022 19:45,Hot day? Refresh yourself and support your dorm in an annual battle between the West and East sides involving water-filled ammunition. Who will emerge victorious?,"outdoors,activity",TRUE,,,,,,,,,,,,,,,
